source_row,track,album,artist,genre,prompt_1,prompt_2,prompt_3,prompt_4,prompt_5,prompt_chain
1,Paranoid Android,OK Computer,Radiohead,Alt Rock,"Radiohead above a pale motorway map, white and icy blue washes, black typography, blurred travelers, anxious digital-collage album style","Radiohead drifting through the same frosted highway junction, cyan smears and gray shadows, small hazard icons, fragile techno-anxiety mood","Radiohead beside a blue airport sign and lost-child poster, white scratched layers, minimal black text, abstract 1990s data-collage style","Radiohead watching roads dissolve into snow-white static, soft turquoise lines, tiny figures, cold modernist cover-art atmosphere","Radiohead at the final blank exit, white space swallowing blue highways, black marks, ghosted signage, melancholy glitch-design finish","Radiohead above a pale motorway map, white and icy blue washes, black typography, blurred travelers, anxious digital-collage album style || Radiohead drifting through the same frosted highway junction, cyan smears and gray shadows, small hazard icons, fragile techno-anxiety mood || Radiohead beside a blue airport sign and lost-child poster, white scratched layers, minimal black text, abstract 1990s data-collage style || Radiohead watching roads dissolve into snow-white static, soft turquoise lines, tiny figures, cold modernist cover-art atmosphere || Radiohead at the final blank exit, white space swallowing blue highways, black marks, ghosted signage, melancholy glitch-design finish"
2,Karma Police,OK Computer,Radiohead,Alt Rock,"Radiohead above a pale motorway map, white and icy blue washes, black typography, blurred travelers, anxious digital-collage album style","Radiohead drifting through the same frosted highway junction, cyan smears and gray shadows, small hazard icons, fragile techno-anxiety mood","Radiohead beside a blue airport sign and lost-child poster, white scratched layers, minimal black text, abstract 1990s data-collage style","Radiohead watching roads dissolve into snow-white static, soft turquoise lines, tiny figures, cold modernist cover-art atmosphere","Radiohead at the final blank exit, white space swallowing blue highways, black marks, ghosted signage, melancholy glitch-design finish","Radiohead above a pale motorway map, white and icy blue washes, black typography, blurred travelers, anxious digital-collage album style || Radiohead drifting through the same frosted highway junction, cyan smears and gray shadows, small hazard icons, fragile techno-anxiety mood || Radiohead beside a blue airport sign and lost-child poster, white scratched layers, minimal black text, abstract 1990s data-collage style || Radiohead watching roads dissolve into snow-white static, soft turquoise lines, tiny figures, cold modernist cover-art atmosphere || Radiohead at the final blank exit, white space swallowing blue highways, black marks, ghosted signage, melancholy glitch-design finish"
3,Fake Plastic Trees,The Bends,Radiohead,Alt Rock,"Radiohead facing a medical mannequin in harsh close-up, peach skin tones, black void, red typography, clinical alternative-rock cover style","Radiohead under the same artificial light, wax face tilted upward, warm orange highlights, deep black background, uneasy hospital mood","Radiohead framed by a red title bar across pale synthetic skin, grainy photography, high contrast, distorted human-machine portrait","Radiohead watching the mannequin blur into amber and cream, blank eyes, black negative space, claustrophobic 1990s album aesthetic","Radiohead ending in a sterile red-and-black portrait, soft plastic texture, anxious expression, medical surrealism, worn print finish","Radiohead facing a medical mannequin in harsh close-up, peach skin tones, black void, red typography, clinical alternative-rock cover style || Radiohead under the same artificial light, wax face tilted upward, warm orange highlights, deep black background, uneasy hospital mood || Radiohead framed by a red title bar across pale synthetic skin, grainy photography, high contrast, distorted human-machine portrait || Radiohead watching the mannequin blur into amber and cream, blank eyes, black negative space, claustrophobic 1990s album aesthetic || Radiohead ending in a sterile red-and-black portrait, soft plastic texture, anxious expression, medical surrealism, worn print finish"
4,Street Spirit (Fade Out),The Bends,Radiohead,Alt Rock,"Radiohead facing a medical mannequin in harsh close-up, peach skin tones, black void, red typography, clinical alternative-rock cover style","Radiohead under the same artificial light, wax face tilted upward, warm orange highlights, deep black background, uneasy hospital mood","Radiohead framed by a red title bar across pale synthetic skin, grainy photography, high contrast, distorted human-machine portrait","Radiohead watching the mannequin blur into amber and cream, blank eyes, black negative space, claustrophobic 1990s album aesthetic","Radiohead ending in a sterile red-and-black portrait, soft plastic texture, anxious expression, medical surrealism, worn print finish","Radiohead facing a medical mannequin in harsh close-up, peach skin tones, black void, red typography, clinical alternative-rock cover style || Radiohead under the same artificial light, wax face tilted upward, warm orange highlights, deep black background, uneasy hospital mood || Radiohead framed by a red title bar across pale synthetic skin, grainy photography, high contrast, distorted human-machine portrait || Radiohead watching the mannequin blur into amber and cream, blank eyes, black negative space, claustrophobic 1990s album aesthetic || Radiohead ending in a sterile red-and-black portrait, soft plastic texture, anxious expression, medical surrealism, worn print finish"
5,Everything in Its Right Place,Kid A,Radiohead,Experimental Rock,"Radiohead before jagged white mountains, blue ice faces, black sky, red smoke, digital landscape collage with apocalyptic stillness","Radiohead moving deeper through frozen peaks, burning orange ridges behind them, gray glitches below, cold polygonal album style","Radiohead crossing an artificial alpine plain, white snow slabs, blue shadows, black ravines, distant red fire, dystopian calm","Radiohead surrounded by towering ice geometry, smoky crimson horizon, minimal text, synthetic wilderness, fragile post-digital mood","Radiohead at the last mountain ridge, white-blue cliffs fading into black, red embers overhead, bleak experimental cover atmosphere","Radiohead before jagged white mountains, blue ice faces, black sky, red smoke, digital landscape collage with apocalyptic stillness || Radiohead moving deeper through frozen peaks, burning orange ridges behind them, gray glitches below, cold polygonal album style || Radiohead crossing an artificial alpine plain, white snow slabs, blue shadows, black ravines, distant red fire, dystopian calm || Radiohead surrounded by towering ice geometry, smoky crimson horizon, minimal text, synthetic wilderness, fragile post-digital mood || Radiohead at the last mountain ridge, white-blue cliffs fading into black, red embers overhead, bleak experimental cover atmosphere"
6,Black Hole Sun,Superunknown,Soundgarden,Grunge,"Soundgarden in a black void with thermal orange faces, blurred silhouettes, inverted forest edge, white spaced lettering, occult grunge style","Soundgarden drifting under the same upside-down trees, ember-red masks glowing in darkness, monochrome ground, feverish photographic texture","Soundgarden behind molten orange shadows, black negative space swallowing the scene, white forest scratches below, haunted album-cover mood","Soundgarden as distorted heat figures over a pale treeline, red-yellow glow, deep black field, dreamlike grunge surrealism","Soundgarden fading into a superblack night, scattered orange fragments, ghostly white woods, minimal typography, ominous thermal finish","Soundgarden in a black void with thermal orange faces, blurred silhouettes, inverted forest edge, white spaced lettering, occult grunge style || Soundgarden drifting under the same upside-down trees, ember-red masks glowing in darkness, monochrome ground, feverish photographic texture || Soundgarden behind molten orange shadows, black negative space swallowing the scene, white forest scratches below, haunted album-cover mood || Soundgarden as distorted heat figures over a pale treeline, red-yellow glow, deep black field, dreamlike grunge surrealism || Soundgarden fading into a superblack night, scattered orange fragments, ghostly white woods, minimal typography, ominous thermal finish"
7,Spoonman,Superunknown,Soundgarden,Grunge,"Soundgarden in a black void with thermal orange faces, blurred silhouettes, inverted forest edge, white spaced lettering, occult grunge style","Soundgarden drifting under the same upside-down trees, ember-red masks glowing in darkness, monochrome ground, feverish photographic texture","Soundgarden behind molten orange shadows, black negative space swallowing the scene, white forest scratches below, haunted album-cover mood","Soundgarden as distorted heat figures over a pale treeline, red-yellow glow, deep black field, dreamlike grunge surrealism","Soundgarden fading into a superblack night, scattered orange fragments, ghostly white woods, minimal typography, ominous thermal finish","Soundgarden in a black void with thermal orange faces, blurred silhouettes, inverted forest edge, white spaced lettering, occult grunge style || Soundgarden drifting under the same upside-down trees, ember-red masks glowing in darkness, monochrome ground, feverish photographic texture || Soundgarden behind molten orange shadows, black negative space swallowing the scene, white forest scratches below, haunted album-cover mood || Soundgarden as distorted heat figures over a pale treeline, red-yellow glow, deep black field, dreamlike grunge surrealism || Soundgarden fading into a superblack night, scattered orange fragments, ghostly white woods, minimal typography, ominous thermal finish"
8,Smells Like Teen Spirit,Nevermind,Nirvana,Grunge,"Nirvana underwater in bright cyan blue, floating figure, dangling dollar bill, clean photographic realism, black logo, ironic grunge mood","Nirvana following the same money lure through rippling pool light, aqua gradients, suspended bubbles, sharp 1990s cover photography","Nirvana beneath a glassy surface, blue water everywhere, pale skin tones, small green bill, minimal composition, satirical pop image","Nirvana drifting in open turquoise depth, arms extended, black typography below, crisp aquatic realism, rebellious innocence","Nirvana ending in a calm blue pool, currency just out of reach, soft bubbles, stark logo, iconic grunge-album finish","Nirvana underwater in bright cyan blue, floating figure, dangling dollar bill, clean photographic realism, black logo, ironic grunge mood || Nirvana following the same money lure through rippling pool light, aqua gradients, suspended bubbles, sharp 1990s cover photography || Nirvana beneath a glassy surface, blue water everywhere, pale skin tones, small green bill, minimal composition, satirical pop image || Nirvana drifting in open turquoise depth, arms extended, black typography below, crisp aquatic realism, rebellious innocence || Nirvana ending in a calm blue pool, currency just out of reach, soft bubbles, stark logo, iconic grunge-album finish"
9,Come as You Are,Nevermind,Nirvana,Grunge,"Nirvana underwater in bright cyan blue, floating figure, dangling dollar bill, clean photographic realism, black logo, ironic grunge mood","Nirvana following the same money lure through rippling pool light, aqua gradients, suspended bubbles, sharp 1990s cover photography","Nirvana beneath a glassy surface, blue water everywhere, pale skin tones, small green bill, minimal composition, satirical pop image","Nirvana drifting in open turquoise depth, arms extended, black typography below, crisp aquatic realism, rebellious innocence","Nirvana ending in a calm blue pool, currency just out of reach, soft bubbles, stark logo, iconic grunge-album finish","Nirvana underwater in bright cyan blue, floating figure, dangling dollar bill, clean photographic realism, black logo, ironic grunge mood || Nirvana following the same money lure through rippling pool light, aqua gradients, suspended bubbles, sharp 1990s cover photography || Nirvana beneath a glassy surface, blue water everywhere, pale skin tones, small green bill, minimal composition, satirical pop image || Nirvana drifting in open turquoise depth, arms extended, black typography below, crisp aquatic realism, rebellious innocence || Nirvana ending in a calm blue pool, currency just out of reach, soft bubbles, stark logo, iconic grunge-album finish"
10,Money,The Dark Side of the Moon,Pink Floyd,Prog Rock,"Pink Floyd in a black void with a glass prism, thin white beam, rainbow spectrum, minimal geometry, clean psychedelic design","Pink Floyd following the same light through darkness, prism edges glowing silver, red yellow green blue bands, precise optical style","Pink Floyd inside a silent triangle of shadow, white ray splitting into color, black negative space, scientific album-cover mood","Pink Floyd watching the rainbow extend beyond the frame, sharp geometry, pure black field, restrained psychedelic modernism","Pink Floyd at the final color beam, prism centered, silver glow, saturated spectrum, timeless minimal rock-icon finish","Pink Floyd in a black void with a glass prism, thin white beam, rainbow spectrum, minimal geometry, clean psychedelic design || Pink Floyd following the same light through darkness, prism edges glowing silver, red yellow green blue bands, precise optical style || Pink Floyd inside a silent triangle of shadow, white ray splitting into color, black negative space, scientific album-cover mood || Pink Floyd watching the rainbow extend beyond the frame, sharp geometry, pure black field, restrained psychedelic modernism || Pink Floyd at the final color beam, prism centered, silver glow, saturated spectrum, timeless minimal rock-icon finish"
11,Time,The Dark Side of the Moon,Pink Floyd,Prog Rock,"Pink Floyd in a black void with a glass prism, thin white beam, rainbow spectrum, minimal geometry, clean psychedelic design","Pink Floyd following the same light through darkness, prism edges glowing silver, red yellow green blue bands, precise optical style","Pink Floyd inside a silent triangle of shadow, white ray splitting into color, black negative space, scientific album-cover mood","Pink Floyd watching the rainbow extend beyond the frame, sharp geometry, pure black field, restrained psychedelic modernism","Pink Floyd at the final color beam, prism centered, silver glow, saturated spectrum, timeless minimal rock-icon finish","Pink Floyd in a black void with a glass prism, thin white beam, rainbow spectrum, minimal geometry, clean psychedelic design || Pink Floyd following the same light through darkness, prism edges glowing silver, red yellow green blue bands, precise optical style || Pink Floyd inside a silent triangle of shadow, white ray splitting into color, black negative space, scientific album-cover mood || Pink Floyd watching the rainbow extend beyond the frame, sharp geometry, pure black field, restrained psychedelic modernism || Pink Floyd at the final color beam, prism centered, silver glow, saturated spectrum, timeless minimal rock-icon finish"
12,Comfortably Numb,The Wall,Pink Floyd,Prog Rock,"Pink Floyd before a white brick wall, blue mortar lines, red handwritten graffiti, sparse punk-minimal design, stark theatrical mood","Pink Floyd tracing the same red letters across cold white tiles, scratched marker texture, empty institutional space, raw cover style","Pink Floyd behind the wall as white bricks repeat, red script becomes a warning, pale blue grid, austere concept-art mood","Pink Floyd in a blank tiled corridor, smeared crimson handwriting, hard geometry, minimal colors, alienated album-cover atmosphere","Pink Floyd at the last brick seam, white wall dominating, red title scarred across it, cold blue lines, severe graphic finish","Pink Floyd before a white brick wall, blue mortar lines, red handwritten graffiti, sparse punk-minimal design, stark theatrical mood || Pink Floyd tracing the same red letters across cold white tiles, scratched marker texture, empty institutional space, raw cover style || Pink Floyd behind the wall as white bricks repeat, red script becomes a warning, pale blue grid, austere concept-art mood || Pink Floyd in a blank tiled corridor, smeared crimson handwriting, hard geometry, minimal colors, alienated album-cover atmosphere || Pink Floyd at the last brick seam, white wall dominating, red title scarred across it, cold blue lines, severe graphic finish"
13,Another Brick in the Wall Pt. 2,The Wall,Pink Floyd,Prog Rock,"Pink Floyd before a white brick wall, blue mortar lines, red handwritten graffiti, sparse punk-minimal design, stark theatrical mood","Pink Floyd tracing the same red letters across cold white tiles, scratched marker texture, empty institutional space, raw cover style","Pink Floyd behind the wall as white bricks repeat, red script becomes a warning, pale blue grid, austere concept-art mood","Pink Floyd in a blank tiled corridor, smeared crimson handwriting, hard geometry, minimal colors, alienated album-cover atmosphere","Pink Floyd at the last brick seam, white wall dominating, red title scarred across it, cold blue lines, severe graphic finish","Pink Floyd before a white brick wall, blue mortar lines, red handwritten graffiti, sparse punk-minimal design, stark theatrical mood || Pink Floyd tracing the same red letters across cold white tiles, scratched marker texture, empty institutional space, raw cover style || Pink Floyd behind the wall as white bricks repeat, red script becomes a warning, pale blue grid, austere concept-art mood || Pink Floyd in a blank tiled corridor, smeared crimson handwriting, hard geometry, minimal colors, alienated album-cover atmosphere || Pink Floyd at the last brick seam, white wall dominating, red title scarred across it, cold blue lines, severe graphic finish"
14,Wish You Were Here,Wish You Were Here,Pink Floyd,Prog Rock,"Pink Floyd on a worn black scrapbook surface, yellow and red backstage stickers, central handshake emblem, retro collage style","Pink Floyd moving through the same stickered concert wall, dusty gray texture, bright tour passes, circular badge, archival rock mood","Pink Floyd inside a vintage pass collage, pink red yellow labels, desert and sea handshake icon, weathered paper design","Pink Floyd watching the mechanical handshake split land and water, black scuffed background, turquoise orange details, nostalgic poster style","Pink Floyd ending among faded backstage decals, rough beige scratches, bright circular emblem, road-worn classic-rock cover finish","Pink Floyd on a worn black scrapbook surface, yellow and red backstage stickers, central handshake emblem, retro collage style || Pink Floyd moving through the same stickered concert wall, dusty gray texture, bright tour passes, circular badge, archival rock mood || Pink Floyd inside a vintage pass collage, pink red yellow labels, desert and sea handshake icon, weathered paper design || Pink Floyd watching the mechanical handshake split land and water, black scuffed background, turquoise orange details, nostalgic poster style || Pink Floyd ending among faded backstage decals, rough beige scratches, bright circular emblem, road-worn classic-rock cover finish"
15,Stairway to Heaven,Led Zeppelin IV,Led Zeppelin,Hard Rock,"Led Zeppelin before peeling floral wallpaper, old black frame, bent worker carrying sticks, muted browns and cream, rustic folk-rock style","Led Zeppelin stepping closer to the same framed rural scene, cracked plaster, dark field, sepia tones, antique photographic mood","Led Zeppelin inside a weathered room, torn paper textures, small pastoral portrait, brown coat and bundled branches, mythic vintage design","Led Zeppelin watching the wall decay around the picture, cream dust, black frame, faded greens, handmade occult-folk atmosphere","Led Zeppelin at the final worn frame, peeling wallpaper and earthy browns, solitary burdened figure, aged pastoral album finish","Led Zeppelin before peeling floral wallpaper, old black frame, bent worker carrying sticks, muted browns and cream, rustic folk-rock style || Led Zeppelin stepping closer to the same framed rural scene, cracked plaster, dark field, sepia tones, antique photographic mood || Led Zeppelin inside a weathered room, torn paper textures, small pastoral portrait, brown coat and bundled branches, mythic vintage design || Led Zeppelin watching the wall decay around the picture, cream dust, black frame, faded greens, handmade occult-folk atmosphere || Led Zeppelin at the final worn frame, peeling wallpaper and earthy browns, solitary burdened figure, aged pastoral album finish"
16,When the Levee Breaks,Led Zeppelin IV,Led Zeppelin,Hard Rock,"Led Zeppelin before peeling floral wallpaper, old black frame, bent worker carrying sticks, muted browns and cream, rustic folk-rock style","Led Zeppelin stepping closer to the same framed rural scene, cracked plaster, dark field, sepia tones, antique photographic mood","Led Zeppelin inside a weathered room, torn paper textures, small pastoral portrait, brown coat and bundled branches, mythic vintage design","Led Zeppelin watching the wall decay around the picture, cream dust, black frame, faded greens, handmade occult-folk atmosphere","Led Zeppelin at the final worn frame, peeling wallpaper and earthy browns, solitary burdened figure, aged pastoral album finish","Led Zeppelin before peeling floral wallpaper, old black frame, bent worker carrying sticks, muted browns and cream, rustic folk-rock style || Led Zeppelin stepping closer to the same framed rural scene, cracked plaster, dark field, sepia tones, antique photographic mood || Led Zeppelin inside a weathered room, torn paper textures, small pastoral portrait, brown coat and bundled branches, mythic vintage design || Led Zeppelin watching the wall decay around the picture, cream dust, black frame, faded greens, handmade occult-folk atmosphere || Led Zeppelin at the final worn frame, peeling wallpaper and earthy browns, solitary burdened figure, aged pastoral album finish"
17,The Jean Genie,Aladdin Sane,David Bowie,Glam Rock,"David Bowie as a pale studio portrait, red hair, blue-red lightning face paint, white background, glam-rock fashion photography","David Bowie beneath the same electric makeup, closed eyes, porcelain skin, scarlet and cobalt slash, elegant surreal glamour","David Bowie framed in clean white space, copper hair rising, metallic red lightning, soft pink skin tones, theatrical pop-art style","David Bowie holding still as the painted bolt becomes a stage signal, blue edges, crimson shine, pristine fashion-cover mood","David Bowie ending in an iconic white portrait, red hair and lightning makeup glowing, minimal typography, polished glam finish","David Bowie as a pale studio portrait, red hair, blue-red lightning face paint, white background, glam-rock fashion photography || David Bowie beneath the same electric makeup, closed eyes, porcelain skin, scarlet and cobalt slash, elegant surreal glamour || David Bowie framed in clean white space, copper hair rising, metallic red lightning, soft pink skin tones, theatrical pop-art style || David Bowie holding still as the painted bolt becomes a stage signal, blue edges, crimson shine, pristine fashion-cover mood || David Bowie ending in an iconic white portrait, red hair and lightning makeup glowing, minimal typography, polished glam finish"
18,Panic in Detroit,Aladdin Sane,David Bowie,Glam Rock,"David Bowie as a pale studio portrait, red hair, blue-red lightning face paint, white background, glam-rock fashion photography","David Bowie beneath the same electric makeup, closed eyes, porcelain skin, scarlet and cobalt slash, elegant surreal glamour","David Bowie framed in clean white space, copper hair rising, metallic red lightning, soft pink skin tones, theatrical pop-art style","David Bowie holding still as the painted bolt becomes a stage signal, blue edges, crimson shine, pristine fashion-cover mood","David Bowie ending in an iconic white portrait, red hair and lightning makeup glowing, minimal typography, polished glam finish","David Bowie as a pale studio portrait, red hair, blue-red lightning face paint, white background, glam-rock fashion photography || David Bowie beneath the same electric makeup, closed eyes, porcelain skin, scarlet and cobalt slash, elegant surreal glamour || David Bowie framed in clean white space, copper hair rising, metallic red lightning, soft pink skin tones, theatrical pop-art style || David Bowie holding still as the painted bolt becomes a stage signal, blue edges, crimson shine, pristine fashion-cover mood || David Bowie ending in an iconic white portrait, red hair and lightning makeup glowing, minimal typography, polished glam finish"
19,Heroes,Heroes,David Bowie,Art Rock,"David Bowie in stark black-and-white portrait light, raised hands, sharp shadows, cropped studio frame, dramatic art-rock cover style","David Bowie continuing the same monochrome gesture, pale face against black, angular hands near the chest, expressive minimal photography","David Bowie framed like a silent performance still, gray skin tones, black jacket, tense pose, clean Berlin-era modernism","David Bowie turning the gesture into sculpture, white highlights, deep black field, restrained type, theatrical monochrome mood","David Bowie finishing in a grainy black-white icon, hands frozen mid-motion, hard contrast, elegant experimental album finish","David Bowie in stark black-and-white portrait light, raised hands, sharp shadows, cropped studio frame, dramatic art-rock cover style || David Bowie continuing the same monochrome gesture, pale face against black, angular hands near the chest, expressive minimal photography || David Bowie framed like a silent performance still, gray skin tones, black jacket, tense pose, clean Berlin-era modernism || David Bowie turning the gesture into sculpture, white highlights, deep black field, restrained type, theatrical monochrome mood || David Bowie finishing in a grainy black-white icon, hands frozen mid-motion, hard contrast, elegant experimental album finish"
20,Transmission,Unknown Pleasures,Joy Division,Post-Punk,"Joy Division in a black void with white pulse-wave ridges, minimal scientific graphic, monochrome palette, silent post-punk atmosphere","Joy Division following the same waveform across darkness, white peaks rising like terrain, no extra color, austere data-design style","Joy Division inside a black observatory of sound, stacked white signal lines, precise spacing, cold astronomical cover mood","Joy Division watching the waveform become a mountain range, pure black field, thin white curves, minimal post-punk geometry","Joy Division ending with only signal and silence, white wave ridges centered, black negative space, iconic monochrome finish","Joy Division in a black void with white pulse-wave ridges, minimal scientific graphic, monochrome palette, silent post-punk atmosphere || Joy Division following the same waveform across darkness, white peaks rising like terrain, no extra color, austere data-design style || Joy Division inside a black observatory of sound, stacked white signal lines, precise spacing, cold astronomical cover mood || Joy Division watching the waveform become a mountain range, pure black field, thin white curves, minimal post-punk geometry || Joy Division ending with only signal and silence, white wave ridges centered, black negative space, iconic monochrome finish"
21,She's Lost Control,Unknown Pleasures,Joy Division,Post-Punk,"Joy Division in a black void with white pulse-wave ridges, minimal scientific graphic, monochrome palette, silent post-punk atmosphere","Joy Division following the same waveform across darkness, white peaks rising like terrain, no extra color, austere data-design style","Joy Division inside a black observatory of sound, stacked white signal lines, precise spacing, cold astronomical cover mood","Joy Division watching the waveform become a mountain range, pure black field, thin white curves, minimal post-punk geometry","Joy Division ending with only signal and silence, white wave ridges centered, black negative space, iconic monochrome finish","Joy Division in a black void with white pulse-wave ridges, minimal scientific graphic, monochrome palette, silent post-punk atmosphere || Joy Division following the same waveform across darkness, white peaks rising like terrain, no extra color, austere data-design style || Joy Division inside a black observatory of sound, stacked white signal lines, precise spacing, cold astronomical cover mood || Joy Division watching the waveform become a mountain range, pure black field, thin white curves, minimal post-punk geometry || Joy Division ending with only signal and silence, white wave ridges centered, black negative space, iconic monochrome finish"
22,Blue Monday,Power Corruption & Lies,New Order,Synth-Pop,"New Order among formal flowers on a pale background, soft red and green petals, coded color bars, refined post-punk design","New Order moving through the same botanical still life, cream space, delicate blossoms, hidden color-code strip, elegant graphic mood","New Order beside a museum-like flower arrangement, muted whites, crimson petals, green stems, coded modernist typography absent","New Order watching romance turn into data, floral photograph meeting small color blocks, pale palette, precise album-cover style","New Order ending in a quiet flower study, cream white field, red-green blooms, coded bands, understated electronic-pop finish","New Order among formal flowers on a pale background, soft red and green petals, coded color bars, refined post-punk design || New Order moving through the same botanical still life, cream space, delicate blossoms, hidden color-code strip, elegant graphic mood || New Order beside a museum-like flower arrangement, muted whites, crimson petals, green stems, coded modernist typography absent || New Order watching romance turn into data, floral photograph meeting small color blocks, pale palette, precise album-cover style || New Order ending in a quiet flower study, cream white field, red-green blooms, coded bands, understated electronic-pop finish"
23,Age of Consent,Power Corruption & Lies,New Order,Synth-Pop,"New Order among formal flowers on a pale background, soft red and green petals, coded color bars, refined post-punk design","New Order moving through the same botanical still life, cream space, delicate blossoms, hidden color-code strip, elegant graphic mood","New Order beside a museum-like flower arrangement, muted whites, crimson petals, green stems, coded modernist typography absent","New Order watching romance turn into data, floral photograph meeting small color blocks, pale palette, precise album-cover style","New Order ending in a quiet flower study, cream white field, red-green blooms, coded bands, understated electronic-pop finish","New Order among formal flowers on a pale background, soft red and green petals, coded color bars, refined post-punk design || New Order moving through the same botanical still life, cream space, delicate blossoms, hidden color-code strip, elegant graphic mood || New Order beside a museum-like flower arrangement, muted whites, crimson petals, green stems, coded modernist typography absent || New Order watching romance turn into data, floral photograph meeting small color blocks, pale palette, precise album-cover style || New Order ending in a quiet flower study, cream white field, red-green blooms, coded bands, understated electronic-pop finish"
24,Enjoy the Silence,Violator,Depeche Mode,Synth-Pop,"Depeche Mode in a black void with a glossy red rose, sparse white script, gray side label, elegant synth-pop minimalism","Depeche Mode following the same red stem through darkness, lacquered leaves catching white highlights, black negative space, romantic severity","Depeche Mode beside a single crimson flower, polished petals, vertical composition, monochrome shadows, sensual gothic cover style","Depeche Mode watching the rose split the frame, red against near-black, handwritten white accent, restrained dramatic mood","Depeche Mode ending on the lonely red rose, black field, sharp gloss, minimal typography, iconic dark-pop finish","Depeche Mode in a black void with a glossy red rose, sparse white script, gray side label, elegant synth-pop minimalism || Depeche Mode following the same red stem through darkness, lacquered leaves catching white highlights, black negative space, romantic severity || Depeche Mode beside a single crimson flower, polished petals, vertical composition, monochrome shadows, sensual gothic cover style || Depeche Mode watching the rose split the frame, red against near-black, handwritten white accent, restrained dramatic mood || Depeche Mode ending on the lonely red rose, black field, sharp gloss, minimal typography, iconic dark-pop finish"
25,Personal Jesus,Violator,Depeche Mode,Synth-Pop,"Depeche Mode in a black void with a glossy red rose, sparse white script, gray side label, elegant synth-pop minimalism","Depeche Mode following the same red stem through darkness, lacquered leaves catching white highlights, black negative space, romantic severity","Depeche Mode beside a single crimson flower, polished petals, vertical composition, monochrome shadows, sensual gothic cover style","Depeche Mode watching the rose split the frame, red against near-black, handwritten white accent, restrained dramatic mood","Depeche Mode ending on the lonely red rose, black field, sharp gloss, minimal typography, iconic dark-pop finish","Depeche Mode in a black void with a glossy red rose, sparse white script, gray side label, elegant synth-pop minimalism || Depeche Mode following the same red stem through darkness, lacquered leaves catching white highlights, black negative space, romantic severity || Depeche Mode beside a single crimson flower, polished petals, vertical composition, monochrome shadows, sensual gothic cover style || Depeche Mode watching the rose split the frame, red against near-black, handwritten white accent, restrained dramatic mood || Depeche Mode ending on the lonely red rose, black field, sharp gloss, minimal typography, iconic dark-pop finish"
26,With or Without You,The Joshua Tree,U2,Rock,"U2 standing before a black-and-white desert panorama, wide mountains, gold border, stark documentary rock photography, solemn mood","U2 crossing the same barren landscape, gray hills stretching behind them, black clothing, cinematic horizontal frame, desert minimalism","U2 framed by dry valleys and pale sky, monochrome tones, distant ridges, serious band portrait, windswept album-cover style","U2 watching the desert open into silence, black border and thin gold line, grainy photography, spiritual rock atmosphere","U2 ending in a wide gray wilderness, band figures at the edge, high contrast, austere panoramic classic-rock finish","U2 standing before a black-and-white desert panorama, wide mountains, gold border, stark documentary rock photography, solemn mood || U2 crossing the same barren landscape, gray hills stretching behind them, black clothing, cinematic horizontal frame, desert minimalism || U2 framed by dry valleys and pale sky, monochrome tones, distant ridges, serious band portrait, windswept album-cover style || U2 watching the desert open into silence, black border and thin gold line, grainy photography, spiritual rock atmosphere || U2 ending in a wide gray wilderness, band figures at the edge, high contrast, austere panoramic classic-rock finish"
27,Where the Streets Have No Name,The Joshua Tree,U2,Rock,"U2 standing before a black-and-white desert panorama, wide mountains, gold border, stark documentary rock photography, solemn mood","U2 crossing the same barren landscape, gray hills stretching behind them, black clothing, cinematic horizontal frame, desert minimalism","U2 framed by dry valleys and pale sky, monochrome tones, distant ridges, serious band portrait, windswept album-cover style","U2 watching the desert open into silence, black border and thin gold line, grainy photography, spiritual rock atmosphere","U2 ending in a wide gray wilderness, band figures at the edge, high contrast, austere panoramic classic-rock finish","U2 standing before a black-and-white desert panorama, wide mountains, gold border, stark documentary rock photography, solemn mood || U2 crossing the same barren landscape, gray hills stretching behind them, black clothing, cinematic horizontal frame, desert minimalism || U2 framed by dry valleys and pale sky, monochrome tones, distant ridges, serious band portrait, windswept album-cover style || U2 watching the desert open into silence, black border and thin gold line, grainy photography, spiritual rock atmosphere || U2 ending in a wide gray wilderness, band figures at the edge, high contrast, austere panoramic classic-rock finish"
28,Lovesong,Disintegration,The Cure,Gothic Rock,"The Cure inside a dark floral blur, pale green face, black shadows, muted red title, gothic dream-photography style","The Cure drifting through the same faded flowers, smoky whites and blue-gray blacks, half-seen eyes, melancholy nocturnal mood","The Cure surrounded by soft ghost petals, desaturated green skin tones, deep black background, smeared romantic-goth texture","The Cure watching the portrait dissolve into flowers, gray mist, small red lettering, haunted analog album atmosphere","The Cure ending as a blurred face in darkness, pale blossoms, black-green haze, sorrowful gothic cover finish","The Cure inside a dark floral blur, pale green face, black shadows, muted red title, gothic dream-photography style || The Cure drifting through the same faded flowers, smoky whites and blue-gray blacks, half-seen eyes, melancholy nocturnal mood || The Cure surrounded by soft ghost petals, desaturated green skin tones, deep black background, smeared romantic-goth texture || The Cure watching the portrait dissolve into flowers, gray mist, small red lettering, haunted analog album atmosphere || The Cure ending as a blurred face in darkness, pale blossoms, black-green haze, sorrowful gothic cover finish"
29,Pictures of You,Disintegration,The Cure,Gothic Rock,"The Cure inside a dark floral blur, pale green face, black shadows, muted red title, gothic dream-photography style","The Cure drifting through the same faded flowers, smoky whites and blue-gray blacks, half-seen eyes, melancholy nocturnal mood","The Cure surrounded by soft ghost petals, desaturated green skin tones, deep black background, smeared romantic-goth texture","The Cure watching the portrait dissolve into flowers, gray mist, small red lettering, haunted analog album atmosphere","The Cure ending as a blurred face in darkness, pale blossoms, black-green haze, sorrowful gothic cover finish","The Cure inside a dark floral blur, pale green face, black shadows, muted red title, gothic dream-photography style || The Cure drifting through the same faded flowers, smoky whites and blue-gray blacks, half-seen eyes, melancholy nocturnal mood || The Cure surrounded by soft ghost petals, desaturated green skin tones, deep black background, smeared romantic-goth texture || The Cure watching the portrait dissolve into flowers, gray mist, small red lettering, haunted analog album atmosphere || The Cure ending as a blurred face in darkness, pale blossoms, black-green haze, sorrowful gothic cover finish"
30,There Is a Light That Never Goes Out,The Queen Is Dead,The Smiths,Indie Rock,"The Smiths in a green-tinted film still, reclining figure, pale hands, dusty texture, soft pink type, melancholic indie style","The Smiths moving through the same faded cinema frame, deep forest green shadows, ghostly skin, rose lettering, vintage sorrow","The Smiths beside a still body under dim light, muted emerald palette, grainy surface, elegant tragic cover photography","The Smiths watching the frame darken, pale face and hands fading, pink serif title, old-film romantic gloom","The Smiths ending in smoky green monochrome, reclining figure almost lost, soft pink typography, mournful indie-album finish","The Smiths in a green-tinted film still, reclining figure, pale hands, dusty texture, soft pink type, melancholic indie style || The Smiths moving through the same faded cinema frame, deep forest green shadows, ghostly skin, rose lettering, vintage sorrow || The Smiths beside a still body under dim light, muted emerald palette, grainy surface, elegant tragic cover photography || The Smiths watching the frame darken, pale face and hands fading, pink serif title, old-film romantic gloom || The Smiths ending in smoky green monochrome, reclining figure almost lost, soft pink typography, mournful indie-album finish"
31,The Queen Is Dead,The Queen Is Dead,The Smiths,Indie Rock,"The Smiths in a green-tinted film still, reclining figure, pale hands, dusty texture, soft pink type, melancholic indie style","The Smiths moving through the same faded cinema frame, deep forest green shadows, ghostly skin, rose lettering, vintage sorrow","The Smiths beside a still body under dim light, muted emerald palette, grainy surface, elegant tragic cover photography","The Smiths watching the frame darken, pale face and hands fading, pink serif title, old-film romantic gloom","The Smiths ending in smoky green monochrome, reclining figure almost lost, soft pink typography, mournful indie-album finish","The Smiths in a green-tinted film still, reclining figure, pale hands, dusty texture, soft pink type, melancholic indie style || The Smiths moving through the same faded cinema frame, deep forest green shadows, ghostly skin, rose lettering, vintage sorrow || The Smiths beside a still body under dim light, muted emerald palette, grainy surface, elegant tragic cover photography || The Smiths watching the frame darken, pale face and hands fading, pink serif title, old-film romantic gloom || The Smiths ending in smoky green monochrome, reclining figure almost lost, soft pink typography, mournful indie-album finish"
32,Debaser,Doolittle,Pixies,Alt Rock,"Pixies around a saintly monkey in a wire grid, rusty brown and teal textures, white geometry, surreal college-rock collage","Pixies following the same numbered grid, faded animal photo, distressed copper background, chalky lines, cryptic graphic mood","Pixies inside a weathered laboratory poster, haloed primate, pale geometry, rust and sea-green palette, strange scientific style","Pixies watching the grid crack into numbers, brown stains, off-white scratches, animal silhouette, abrasive surreal album atmosphere","Pixies ending in a distressed teal-rust collage, monkey halo centered, numbered forms, noisy alternative-rock cover finish","Pixies around a saintly monkey in a wire grid, rusty brown and teal textures, white geometry, surreal college-rock collage || Pixies following the same numbered grid, faded animal photo, distressed copper background, chalky lines, cryptic graphic mood || Pixies inside a weathered laboratory poster, haloed primate, pale geometry, rust and sea-green palette, strange scientific style || Pixies watching the grid crack into numbers, brown stains, off-white scratches, animal silhouette, abrasive surreal album atmosphere || Pixies ending in a distressed teal-rust collage, monkey halo centered, numbered forms, noisy alternative-rock cover finish"
33,Here Comes Your Man,Doolittle,Pixies,Alt Rock,"Pixies around a saintly monkey in a wire grid, rusty brown and teal textures, white geometry, surreal college-rock collage","Pixies following the same numbered grid, faded animal photo, distressed copper background, chalky lines, cryptic graphic mood","Pixies inside a weathered laboratory poster, haloed primate, pale geometry, rust and sea-green palette, strange scientific style","Pixies watching the grid crack into numbers, brown stains, off-white scratches, animal silhouette, abrasive surreal album atmosphere","Pixies ending in a distressed teal-rust collage, monkey halo centered, numbered forms, noisy alternative-rock cover finish","Pixies around a saintly monkey in a wire grid, rusty brown and teal textures, white geometry, surreal college-rock collage || Pixies following the same numbered grid, faded animal photo, distressed copper background, chalky lines, cryptic graphic mood || Pixies inside a weathered laboratory poster, haloed primate, pale geometry, rust and sea-green palette, strange scientific style || Pixies watching the grid crack into numbers, brown stains, off-white scratches, animal silhouette, abrasive surreal album atmosphere || Pixies ending in a distressed teal-rust collage, monkey halo centered, numbered forms, noisy alternative-rock cover finish"
34,Around the World,Homework,Daft Punk,Electronic,"Daft Punk on black satin with a red embroidered logo patch, gold thread outline, tactile streetwear texture, raw electronic style","Daft Punk following the same stitched letters across dark fabric, crimson thread, soft shadows, handmade club-culture album mood","Daft Punk inside a close-up textile logo, black cloth ripples, red script, tan border, minimal 1990s dance design","Daft Punk watching the patch catch low light, black-blue folds, rough red embroidery, underground electronic cover atmosphere","Daft Punk ending on the worn fabric emblem, red and gold over black, simple texture, gritty house-music finish","Daft Punk on black satin with a red embroidered logo patch, gold thread outline, tactile streetwear texture, raw electronic style || Daft Punk following the same stitched letters across dark fabric, crimson thread, soft shadows, handmade club-culture album mood || Daft Punk inside a close-up textile logo, black cloth ripples, red script, tan border, minimal 1990s dance design || Daft Punk watching the patch catch low light, black-blue folds, rough red embroidery, underground electronic cover atmosphere || Daft Punk ending on the worn fabric emblem, red and gold over black, simple texture, gritty house-music finish"
35,Da Funk,Homework,Daft Punk,Electronic,"Daft Punk on black satin with a red embroidered logo patch, gold thread outline, tactile streetwear texture, raw electronic style","Daft Punk following the same stitched letters across dark fabric, crimson thread, soft shadows, handmade club-culture album mood","Daft Punk inside a close-up textile logo, black cloth ripples, red script, tan border, minimal 1990s dance design","Daft Punk watching the patch catch low light, black-blue folds, rough red embroidery, underground electronic cover atmosphere","Daft Punk ending on the worn fabric emblem, red and gold over black, simple texture, gritty house-music finish","Daft Punk on black satin with a red embroidered logo patch, gold thread outline, tactile streetwear texture, raw electronic style || Daft Punk following the same stitched letters across dark fabric, crimson thread, soft shadows, handmade club-culture album mood || Daft Punk inside a close-up textile logo, black cloth ripples, red script, tan border, minimal 1990s dance design || Daft Punk watching the patch catch low light, black-blue folds, rough red embroidery, underground electronic cover atmosphere || Daft Punk ending on the worn fabric emblem, red and gold over black, simple texture, gritty house-music finish"
36,One More Time,Discovery,Daft Punk,Electronic,"Daft Punk in chrome lettering on black liquid, silver reflections, tiny rainbow highlights, glossy futuristic electronic cover style","Daft Punk following the same metallic logo as it melts, black background, prismatic edges, polished 2000s digital mood","Daft Punk inside a dark reflective surface, silver script rising like liquid metal, small colored lights, sleek sci-fi design","Daft Punk watching chrome letters glow with green yellow violet edges, deep black space, minimal robotic album atmosphere","Daft Punk ending on a luminous silver emblem, black mirror floor, rainbow pinlights, clean retro-futurist dance finish","Daft Punk in chrome lettering on black liquid, silver reflections, tiny rainbow highlights, glossy futuristic electronic cover style || Daft Punk following the same metallic logo as it melts, black background, prismatic edges, polished 2000s digital mood || Daft Punk inside a dark reflective surface, silver script rising like liquid metal, small colored lights, sleek sci-fi design || Daft Punk watching chrome letters glow with green yellow violet edges, deep black space, minimal robotic album atmosphere || Daft Punk ending on a luminous silver emblem, black mirror floor, rainbow pinlights, clean retro-futurist dance finish"
37,Harder Better Faster Stronger,Discovery,Daft Punk,Electronic,"Daft Punk in chrome lettering on black liquid, silver reflections, tiny rainbow highlights, glossy futuristic electronic cover style","Daft Punk following the same metallic logo as it melts, black background, prismatic edges, polished 2000s digital mood","Daft Punk inside a dark reflective surface, silver script rising like liquid metal, small colored lights, sleek sci-fi design","Daft Punk watching chrome letters glow with green yellow violet edges, deep black space, minimal robotic album atmosphere","Daft Punk ending on a luminous silver emblem, black mirror floor, rainbow pinlights, clean retro-futurist dance finish","Daft Punk in chrome lettering on black liquid, silver reflections, tiny rainbow highlights, glossy futuristic electronic cover style || Daft Punk following the same metallic logo as it melts, black background, prismatic edges, polished 2000s digital mood || Daft Punk inside a dark reflective surface, silver script rising like liquid metal, small colored lights, sleek sci-fi design || Daft Punk watching chrome letters glow with green yellow violet edges, deep black space, minimal robotic album atmosphere || Daft Punk ending on a luminous silver emblem, black mirror floor, rainbow pinlights, clean retro-futurist dance finish"
38,Block Rockin' Beats,Dig Your Own Hole,The Chemical Brothers,Electronic,"The Chemical Brothers in stark black-and-white profile, long hair silhouette, rough brush texture, handwritten logo, gritty big-beat style","The Chemical Brothers following the same side portrait into darkness, white face edge, black void, scratched ink texture, underground mood","The Chemical Brothers beside a blown-out profile cutout, monochrome palette, rough graphic strokes, low-fi club poster design","The Chemical Brothers watching hair lines dissolve into black, white contour face, small chalk logo, raw kinetic cover atmosphere","The Chemical Brothers ending in a high-contrast silhouette, black field, white scratches, handwritten type, hard-edged electronic finish","The Chemical Brothers in stark black-and-white profile, long hair silhouette, rough brush texture, handwritten logo, gritty big-beat style || The Chemical Brothers following the same side portrait into darkness, white face edge, black void, scratched ink texture, underground mood || The Chemical Brothers beside a blown-out profile cutout, monochrome palette, rough graphic strokes, low-fi club poster design || The Chemical Brothers watching hair lines dissolve into black, white contour face, small chalk logo, raw kinetic cover atmosphere || The Chemical Brothers ending in a high-contrast silhouette, black field, white scratches, handwritten type, hard-edged electronic finish"
39,Setting Sun,Dig Your Own Hole,The Chemical Brothers,Electronic,"The Chemical Brothers in stark black-and-white profile, long hair silhouette, rough brush texture, handwritten logo, gritty big-beat style","The Chemical Brothers following the same side portrait into darkness, white face edge, black void, scratched ink texture, underground mood","The Chemical Brothers beside a blown-out profile cutout, monochrome palette, rough graphic strokes, low-fi club poster design","The Chemical Brothers watching hair lines dissolve into black, white contour face, small chalk logo, raw kinetic cover atmosphere","The Chemical Brothers ending in a high-contrast silhouette, black field, white scratches, handwritten type, hard-edged electronic finish","The Chemical Brothers in stark black-and-white profile, long hair silhouette, rough brush texture, handwritten logo, gritty big-beat style || The Chemical Brothers following the same side portrait into darkness, white face edge, black void, scratched ink texture, underground mood || The Chemical Brothers beside a blown-out profile cutout, monochrome palette, rough graphic strokes, low-fi club poster design || The Chemical Brothers watching hair lines dissolve into black, white contour face, small chalk logo, raw kinetic cover atmosphere || The Chemical Brothers ending in a high-contrast silhouette, black field, white scratches, handwritten type, hard-edged electronic finish"
40,Teardrop,Mezzanine,Massive Attack,Trip-Hop,"Massive Attack under a giant black insect silhouette, white background, sharp legs, bold block text, clinical trip-hop minimalism","Massive Attack following the same beetle form across pale space, glossy black shell, white negative field, tense microscopic mood","Massive Attack inside an extreme macro insect study, black-and-white contrast, hard typography, sterile nocturnal cover style","Massive Attack watching the insect shadow stretch beyond frame, ivory white field, black details, ominous urban atmosphere","Massive Attack ending on the black beetle icon, white void, heavy type, sharp biological geometry, cold trip-hop finish","Massive Attack under a giant black insect silhouette, white background, sharp legs, bold block text, clinical trip-hop minimalism || Massive Attack following the same beetle form across pale space, glossy black shell, white negative field, tense microscopic mood || Massive Attack inside an extreme macro insect study, black-and-white contrast, hard typography, sterile nocturnal cover style || Massive Attack watching the insect shadow stretch beyond frame, ivory white field, black details, ominous urban atmosphere || Massive Attack ending on the black beetle icon, white void, heavy type, sharp biological geometry, cold trip-hop finish"
41,Angel,Mezzanine,Massive Attack,Trip-Hop,"Massive Attack under a giant black insect silhouette, white background, sharp legs, bold block text, clinical trip-hop minimalism","Massive Attack following the same beetle form across pale space, glossy black shell, white negative field, tense microscopic mood","Massive Attack inside an extreme macro insect study, black-and-white contrast, hard typography, sterile nocturnal cover style","Massive Attack watching the insect shadow stretch beyond frame, ivory white field, black details, ominous urban atmosphere","Massive Attack ending on the black beetle icon, white void, heavy type, sharp biological geometry, cold trip-hop finish","Massive Attack under a giant black insect silhouette, white background, sharp legs, bold block text, clinical trip-hop minimalism || Massive Attack following the same beetle form across pale space, glossy black shell, white negative field, tense microscopic mood || Massive Attack inside an extreme macro insect study, black-and-white contrast, hard typography, sterile nocturnal cover style || Massive Attack watching the insect shadow stretch beyond frame, ivory white field, black details, ominous urban atmosphere || Massive Attack ending on the black beetle icon, white void, heavy type, sharp biological geometry, cold trip-hop finish"
42,Glory Box,Dummy,Portishead,Trip-Hop,"Portishead in a deep blue frame with a seated figure, cold spotlights, VHS grain, white typography, noir trip-hop style","Portishead moving through the same blue-lit room, blurred chair, smoky lamps, dark rectangular crop, cinematic suspense mood","Portishead beside a lonely figure under harsh light, navy border, pale blue glow, low-resolution film-still texture","Portishead watching the stage lights flare, blue shadows, distant seated body, outlined title, vintage noir album atmosphere","Portishead ending in a midnight-blue film frame, ghostly figure, white type, heavy shadow, elegant trip-hop finish","Portishead in a deep blue frame with a seated figure, cold spotlights, VHS grain, white typography, noir trip-hop style || Portishead moving through the same blue-lit room, blurred chair, smoky lamps, dark rectangular crop, cinematic suspense mood || Portishead beside a lonely figure under harsh light, navy border, pale blue glow, low-resolution film-still texture || Portishead watching the stage lights flare, blue shadows, distant seated body, outlined title, vintage noir album atmosphere || Portishead ending in a midnight-blue film frame, ghostly figure, white type, heavy shadow, elegant trip-hop finish"
43,Sour Times,Dummy,Portishead,Trip-Hop,"Portishead in a deep blue frame with a seated figure, cold spotlights, VHS grain, white typography, noir trip-hop style","Portishead moving through the same blue-lit room, blurred chair, smoky lamps, dark rectangular crop, cinematic suspense mood","Portishead beside a lonely figure under harsh light, navy border, pale blue glow, low-resolution film-still texture","Portishead watching the stage lights flare, blue shadows, distant seated body, outlined title, vintage noir album atmosphere","Portishead ending in a midnight-blue film frame, ghostly figure, white type, heavy shadow, elegant trip-hop finish","Portishead in a deep blue frame with a seated figure, cold spotlights, VHS grain, white typography, noir trip-hop style || Portishead moving through the same blue-lit room, blurred chair, smoky lamps, dark rectangular crop, cinematic suspense mood || Portishead beside a lonely figure under harsh light, navy border, pale blue glow, low-resolution film-still texture || Portishead watching the stage lights flare, blue shadows, distant seated body, outlined title, vintage noir album atmosphere || Portishead ending in a midnight-blue film frame, ghostly figure, white type, heavy shadow, elegant trip-hop finish"
44,Breathe,The Fat of the Land,The Prodigy,Big Beat,"The Prodigy chasing a red-orange crab across blue sand, motion blur, white surf streaks, energetic big-beat cover style","The Prodigy following the same crab as it lunges forward, turquoise beach haze, radial blur, glossy claws, frantic motion","The Prodigy inside a fast seaside macro shot, orange shell, aqua sky, black logo badge, explosive 1990s design","The Prodigy watching sand and water streak outward, crab centered, blue-green palette, speed-rush photographic mood","The Prodigy ending with a sharp crab silhouette in blur, red claws, pale surf, kinetic electronic album finish","The Prodigy chasing a red-orange crab across blue sand, motion blur, white surf streaks, energetic big-beat cover style || The Prodigy following the same crab as it lunges forward, turquoise beach haze, radial blur, glossy claws, frantic motion || The Prodigy inside a fast seaside macro shot, orange shell, aqua sky, black logo badge, explosive 1990s design || The Prodigy watching sand and water streak outward, crab centered, blue-green palette, speed-rush photographic mood || The Prodigy ending with a sharp crab silhouette in blur, red claws, pale surf, kinetic electronic album finish"
45,Firestarter,The Fat of the Land,The Prodigy,Big Beat,"The Prodigy chasing a red-orange crab across blue sand, motion blur, white surf streaks, energetic big-beat cover style","The Prodigy following the same crab as it lunges forward, turquoise beach haze, radial blur, glossy claws, frantic motion","The Prodigy inside a fast seaside macro shot, orange shell, aqua sky, black logo badge, explosive 1990s design","The Prodigy watching sand and water streak outward, crab centered, blue-green palette, speed-rush photographic mood","The Prodigy ending with a sharp crab silhouette in blur, red claws, pale surf, kinetic electronic album finish","The Prodigy chasing a red-orange crab across blue sand, motion blur, white surf streaks, energetic big-beat cover style || The Prodigy following the same crab as it lunges forward, turquoise beach haze, radial blur, glossy claws, frantic motion || The Prodigy inside a fast seaside macro shot, orange shell, aqua sky, black logo badge, explosive 1990s design || The Prodigy watching sand and water streak outward, crab centered, blue-green palette, speed-rush photographic mood || The Prodigy ending with a sharp crab silhouette in blur, red claws, pale surf, kinetic electronic album finish"
46,Hurt,The Downward Spiral,Nine Inch Nails,Industrial Rock,"Nine Inch Nails on cracked cream canvas, rust-red stains, dark debris and wire, distressed industrial mixed-media style","Nine Inch Nails following the same corroded marks downward, beige plaster, brown fragments, red smears, decayed laboratory mood","Nine Inch Nails inside a damaged wall texture, oxidized streaks, bone-white surface, black residue, brutal abstract cover design","Nine Inch Nails watching the stains spread across cracked paint, raw ocher and blood-red tones, sparse industrial atmosphere","Nine Inch Nails ending in scarred beige minimalism, rust drips, wire scratches, dead organic fragments, abrasive industrial finish","Nine Inch Nails on cracked cream canvas, rust-red stains, dark debris and wire, distressed industrial mixed-media style || Nine Inch Nails following the same corroded marks downward, beige plaster, brown fragments, red smears, decayed laboratory mood || Nine Inch Nails inside a damaged wall texture, oxidized streaks, bone-white surface, black residue, brutal abstract cover design || Nine Inch Nails watching the stains spread across cracked paint, raw ocher and blood-red tones, sparse industrial atmosphere || Nine Inch Nails ending in scarred beige minimalism, rust drips, wire scratches, dead organic fragments, abrasive industrial finish"
47,Closer,The Downward Spiral,Nine Inch Nails,Industrial Rock,"Nine Inch Nails on cracked cream canvas, rust-red stains, dark debris and wire, distressed industrial mixed-media style","Nine Inch Nails following the same corroded marks downward, beige plaster, brown fragments, red smears, decayed laboratory mood","Nine Inch Nails inside a damaged wall texture, oxidized streaks, bone-white surface, black residue, brutal abstract cover design","Nine Inch Nails watching the stains spread across cracked paint, raw ocher and blood-red tones, sparse industrial atmosphere","Nine Inch Nails ending in scarred beige minimalism, rust drips, wire scratches, dead organic fragments, abrasive industrial finish","Nine Inch Nails on cracked cream canvas, rust-red stains, dark debris and wire, distressed industrial mixed-media style || Nine Inch Nails following the same corroded marks downward, beige plaster, brown fragments, red smears, decayed laboratory mood || Nine Inch Nails inside a damaged wall texture, oxidized streaks, bone-white surface, black residue, brutal abstract cover design || Nine Inch Nails watching the stains spread across cracked paint, raw ocher and blood-red tones, sparse industrial atmosphere || Nine Inch Nails ending in scarred beige minimalism, rust drips, wire scratches, dead organic fragments, abrasive industrial finish"
48,Last Nite,Is This It,The Strokes,Indie Rock,"The Strokes over an orange-and-turquoise particle map, thin blue traces, scientific abstraction, small white type, indie-rock cool","The Strokes following the same neon pathways across amber space, teal curls and scratches, cropped diagram style, urban curiosity","The Strokes inside a microscopic city of blue lines, warm orange field, speckled grain, detached early-2000s design","The Strokes watching the track lines spiral outward, cyan geometry over burnt orange, minimal typography, restless downtown mood","The Strokes ending in a cropped scientific pattern, orange glow, turquoise filaments, clean indie-album finish","The Strokes over an orange-and-turquoise particle map, thin blue traces, scientific abstraction, small white type, indie-rock cool || The Strokes following the same neon pathways across amber space, teal curls and scratches, cropped diagram style, urban curiosity || The Strokes inside a microscopic city of blue lines, warm orange field, speckled grain, detached early-2000s design || The Strokes watching the track lines spiral outward, cyan geometry over burnt orange, minimal typography, restless downtown mood || The Strokes ending in a cropped scientific pattern, orange glow, turquoise filaments, clean indie-album finish"
49,Someday,Is This It,The Strokes,Indie Rock,"The Strokes over an orange-and-turquoise particle map, thin blue traces, scientific abstraction, small white type, indie-rock cool","The Strokes following the same neon pathways across amber space, teal curls and scratches, cropped diagram style, urban curiosity","The Strokes inside a microscopic city of blue lines, warm orange field, speckled grain, detached early-2000s design","The Strokes watching the track lines spiral outward, cyan geometry over burnt orange, minimal typography, restless downtown mood","The Strokes ending in a cropped scientific pattern, orange glow, turquoise filaments, clean indie-album finish","The Strokes over an orange-and-turquoise particle map, thin blue traces, scientific abstraction, small white type, indie-rock cool || The Strokes following the same neon pathways across amber space, teal curls and scratches, cropped diagram style, urban curiosity || The Strokes inside a microscopic city of blue lines, warm orange field, speckled grain, detached early-2000s design || The Strokes watching the track lines spiral outward, cyan geometry over burnt orange, minimal typography, restless downtown mood || The Strokes ending in a cropped scientific pattern, orange glow, turquoise filaments, clean indie-album finish"
50,Seven Nation Army,Elephant,The White Stripes,Garage Rock,"The White Stripes in a red studio room, black dress, red suit, white props, theatrical garage-rock photography","The White Stripes continuing the same stage tableau, red walls and floor, hanging light, black trunk, stark white accents","The White Stripes beside a vintage chest in saturated scarlet space, black shadows, white cane, surreal retro portrait style","The White Stripes watching the red room become a stage, high contrast outfits, scattered pale objects, tense minimal drama","The White Stripes ending in bold red-black-white composition, seated figures, studio shadows, iconic garage-rock cover finish","The White Stripes in a red studio room, black dress, red suit, white props, theatrical garage-rock photography || The White Stripes continuing the same stage tableau, red walls and floor, hanging light, black trunk, stark white accents || The White Stripes beside a vintage chest in saturated scarlet space, black shadows, white cane, surreal retro portrait style || The White Stripes watching the red room become a stage, high contrast outfits, scattered pale objects, tense minimal drama || The White Stripes ending in bold red-black-white composition, seated figures, studio shadows, iconic garage-rock cover finish"
51,Black Math,Elephant,The White Stripes,Garage Rock,"The White Stripes in a red studio room, black dress, red suit, white props, theatrical garage-rock photography","The White Stripes continuing the same stage tableau, red walls and floor, hanging light, black trunk, stark white accents","The White Stripes beside a vintage chest in saturated scarlet space, black shadows, white cane, surreal retro portrait style","The White Stripes watching the red room become a stage, high contrast outfits, scattered pale objects, tense minimal drama","The White Stripes ending in bold red-black-white composition, seated figures, studio shadows, iconic garage-rock cover finish","The White Stripes in a red studio room, black dress, red suit, white props, theatrical garage-rock photography || The White Stripes continuing the same stage tableau, red walls and floor, hanging light, black trunk, stark white accents || The White Stripes beside a vintage chest in saturated scarlet space, black shadows, white cane, surreal retro portrait style || The White Stripes watching the red room become a stage, high contrast outfits, scattered pale objects, tense minimal drama || The White Stripes ending in bold red-black-white composition, seated figures, studio shadows, iconic garage-rock cover finish"
52,Do I Wanna Know?,AM,Arctic Monkeys,Indie Rock,"Arctic Monkeys in a black field with a white waveform, minimal monochrome palette, clean vector rhythm, nocturnal indie-rock style","Arctic Monkeys following the same waveform as it swells, black negative space, white oscillations, sharp modern graphic mood","Arctic Monkeys inside a silent audio display, single white wave across darkness, balanced symmetry, sleek late-night design","Arctic Monkeys watching the line pulse like a signal, pure black background, crisp white curves, restrained electronic-rock atmosphere","Arctic Monkeys ending on a centered waveform, monochrome contrast, empty space, polished modern album finish","Arctic Monkeys in a black field with a white waveform, minimal monochrome palette, clean vector rhythm, nocturnal indie-rock style || Arctic Monkeys following the same waveform as it swells, black negative space, white oscillations, sharp modern graphic mood || Arctic Monkeys inside a silent audio display, single white wave across darkness, balanced symmetry, sleek late-night design || Arctic Monkeys watching the line pulse like a signal, pure black background, crisp white curves, restrained electronic-rock atmosphere || Arctic Monkeys ending on a centered waveform, monochrome contrast, empty space, polished modern album finish"
53,R U Mine?,AM,Arctic Monkeys,Indie Rock,"Arctic Monkeys in a black field with a white waveform, minimal monochrome palette, clean vector rhythm, nocturnal indie-rock style","Arctic Monkeys following the same waveform as it swells, black negative space, white oscillations, sharp modern graphic mood","Arctic Monkeys inside a silent audio display, single white wave across darkness, balanced symmetry, sleek late-night design","Arctic Monkeys watching the line pulse like a signal, pure black background, crisp white curves, restrained electronic-rock atmosphere","Arctic Monkeys ending on a centered waveform, monochrome contrast, empty space, polished modern album finish","Arctic Monkeys in a black field with a white waveform, minimal monochrome palette, clean vector rhythm, nocturnal indie-rock style || Arctic Monkeys following the same waveform as it swells, black negative space, white oscillations, sharp modern graphic mood || Arctic Monkeys inside a silent audio display, single white wave across darkness, balanced symmetry, sleek late-night design || Arctic Monkeys watching the line pulse like a signal, pure black background, crisp white curves, restrained electronic-rock atmosphere || Arctic Monkeys ending on a centered waveform, monochrome contrast, empty space, polished modern album finish"
54,Obstacle 1,Turn on the Bright Lights,Interpol,Post-Punk Revival,"Interpol facing a black room with a glowing red marquee, small white lights, sparse typography, nocturnal post-punk design","Interpol moving toward the same red-lit panel, black void around it, blurred lamps, minimal cinematic nightclub mood","Interpol inside a dark theater entrance, red rectangle radiating softly, white text in the corner, severe graphic style","Interpol watching the bright lights flatten into color, black space, red glow, quiet architectural tension","Interpol ending with a red stage panel in darkness, tiny bulbs, clean white type, moody post-punk finish","Interpol facing a black room with a glowing red marquee, small white lights, sparse typography, nocturnal post-punk design || Interpol moving toward the same red-lit panel, black void around it, blurred lamps, minimal cinematic nightclub mood || Interpol inside a dark theater entrance, red rectangle radiating softly, white text in the corner, severe graphic style || Interpol watching the bright lights flatten into color, black space, red glow, quiet architectural tension || Interpol ending with a red stage panel in darkness, tiny bulbs, clean white type, moody post-punk finish"
55,Stella Was a Diver…,Turn on the Bright Lights,Interpol,Post-Punk Revival,"Interpol facing a black room with a glowing red marquee, small white lights, sparse typography, nocturnal post-punk design","Interpol moving toward the same red-lit panel, black void around it, blurred lamps, minimal cinematic nightclub mood","Interpol inside a dark theater entrance, red rectangle radiating softly, white text in the corner, severe graphic style","Interpol watching the bright lights flatten into color, black space, red glow, quiet architectural tension","Interpol ending with a red stage panel in darkness, tiny bulbs, clean white type, moody post-punk finish","Interpol facing a black room with a glowing red marquee, small white lights, sparse typography, nocturnal post-punk design || Interpol moving toward the same red-lit panel, black void around it, blurred lamps, minimal cinematic nightclub mood || Interpol inside a dark theater entrance, red rectangle radiating softly, white text in the corner, severe graphic style || Interpol watching the bright lights flatten into color, black space, red glow, quiet architectural tension || Interpol ending with a red stage panel in darkness, tiny bulbs, clean white type, moody post-punk finish"
56,Rebellion (Lies),Funeral,Arcade Fire,Indie Rock,"Arcade Fire with a hand holding an ornate feather, peach paper, black ink border, vintage storybook indie style","Arcade Fire following the same curling feather lines, warm salmon background, pale hand, hand-drawn shadows, nostalgic illustration","Arcade Fire inside a fragile paper theater, decorative leaf shapes, muted browns and cream, handmade mourning-card mood","Arcade Fire watching the feather become a banner, sepia wash, black sketch lines, old letterpress atmosphere","Arcade Fire ending in a worn illustrated panel, peach tones, feather flourish, small dark type, tender funeral-card finish","Arcade Fire with a hand holding an ornate feather, peach paper, black ink border, vintage storybook indie style || Arcade Fire following the same curling feather lines, warm salmon background, pale hand, hand-drawn shadows, nostalgic illustration || Arcade Fire inside a fragile paper theater, decorative leaf shapes, muted browns and cream, handmade mourning-card mood || Arcade Fire watching the feather become a banner, sepia wash, black sketch lines, old letterpress atmosphere || Arcade Fire ending in a worn illustrated panel, peach tones, feather flourish, small dark type, tender funeral-card finish"
57,Wake Up,Funeral,Arcade Fire,Indie Rock,"Arcade Fire with a hand holding an ornate feather, peach paper, black ink border, vintage storybook indie style","Arcade Fire following the same curling feather lines, warm salmon background, pale hand, hand-drawn shadows, nostalgic illustration","Arcade Fire inside a fragile paper theater, decorative leaf shapes, muted browns and cream, handmade mourning-card mood","Arcade Fire watching the feather become a banner, sepia wash, black sketch lines, old letterpress atmosphere","Arcade Fire ending in a worn illustrated panel, peach tones, feather flourish, small dark type, tender funeral-card finish","Arcade Fire with a hand holding an ornate feather, peach paper, black ink border, vintage storybook indie style || Arcade Fire following the same curling feather lines, warm salmon background, pale hand, hand-drawn shadows, nostalgic illustration || Arcade Fire inside a fragile paper theater, decorative leaf shapes, muted browns and cream, handmade mourning-card mood || Arcade Fire watching the feather become a banner, sepia wash, black sketch lines, old letterpress atmosphere || Arcade Fire ending in a worn illustrated panel, peach tones, feather flourish, small dark type, tender funeral-card finish"
58,Running Up That Hill,Hounds of Love,Kate Bush,Art Pop,"Kate Bush reclining in soft lavender haze with two hounds, white border, purple script, dreamy art-pop photography","Kate Bush drifting through the same violet bedding, dark hair spread outward, gentle dogs beside her, misty romantic mood","Kate Bush inside a pastel dream portrait, lilac fabric, mauve shadows, pale skin, elegant 1980s soft-focus style","Kate Bush watching the purple room blur, hounds curled close, white margins, handwritten title, intimate surreal atmosphere","Kate Bush ending in a lavender-white frame, flowing hair and sleeping hounds, tender soft-focus album finish","Kate Bush reclining in soft lavender haze with two hounds, white border, purple script, dreamy art-pop photography || Kate Bush drifting through the same violet bedding, dark hair spread outward, gentle dogs beside her, misty romantic mood || Kate Bush inside a pastel dream portrait, lilac fabric, mauve shadows, pale skin, elegant 1980s soft-focus style || Kate Bush watching the purple room blur, hounds curled close, white margins, handwritten title, intimate surreal atmosphere || Kate Bush ending in a lavender-white frame, flowing hair and sleeping hounds, tender soft-focus album finish"
59,Hounds of Love,Hounds of Love,Kate Bush,Art Pop,"Kate Bush reclining in soft lavender haze with two hounds, white border, purple script, dreamy art-pop photography","Kate Bush drifting through the same violet bedding, dark hair spread outward, gentle dogs beside her, misty romantic mood","Kate Bush inside a pastel dream portrait, lilac fabric, mauve shadows, pale skin, elegant 1980s soft-focus style","Kate Bush watching the purple room blur, hounds curled close, white margins, handwritten title, intimate surreal atmosphere","Kate Bush ending in a lavender-white frame, flowing hair and sleeping hounds, tender soft-focus album finish","Kate Bush reclining in soft lavender haze with two hounds, white border, purple script, dreamy art-pop photography || Kate Bush drifting through the same violet bedding, dark hair spread outward, gentle dogs beside her, misty romantic mood || Kate Bush inside a pastel dream portrait, lilac fabric, mauve shadows, pale skin, elegant 1980s soft-focus style || Kate Bush watching the purple room blur, hounds curled close, white margins, handwritten title, intimate surreal atmosphere || Kate Bush ending in a lavender-white frame, flowing hair and sleeping hounds, tender soft-focus album finish"
60,Jóga,Homogenic,Björk,Experimental Pop,"Björk in an icy kimono portrait, white-blue floral patterns, red lining, black sculptural hair, futuristic ceremonial pop style","Björk continuing the same symmetrical pose, pale face, blue frost motifs, gold neck rings, porcelain cyber-folk mood","Björk inside a frozen formal portrait, white robe, red collar, lavender-gray background, delicate crystalline branches","Björk watching the icy flowers spread outward, black hair architecture, blue nails, ritual fashion photography atmosphere","Björk ending in a precise arctic portrait, white silk, blue blossoms, red accents, serene experimental-pop finish","Björk in an icy kimono portrait, white-blue floral patterns, red lining, black sculptural hair, futuristic ceremonial pop style || Björk continuing the same symmetrical pose, pale face, blue frost motifs, gold neck rings, porcelain cyber-folk mood || Björk inside a frozen formal portrait, white robe, red collar, lavender-gray background, delicate crystalline branches || Björk watching the icy flowers spread outward, black hair architecture, blue nails, ritual fashion photography atmosphere || Björk ending in a precise arctic portrait, white silk, blue blossoms, red accents, serene experimental-pop finish"
